  {
  "project_info": {
    "project_number": "52110333105",
    "firebase_url": "https://app1-47e94.firebaseio.com",
    "project_id": "app1-47e94",
    "storage_bucket": "app1-47e94.appspot.com"
  },
  "client": [
    {
      "client_info": {
        "mobilesdk_app_id": "1:52110333105:android:d36c68acef9d29fe",
        "android_client_info": {
          "package_name": "com.example.dell.try1"
        }
      },
      "oauth_client": [
        {
          "client_id": "52110333105-jguk3pljieem4lemvojeqa4hpe5qgl8v.apps.googleusercontent.com",
          "client_type": 3
        },
        {
          "client_id": "52110333105-jguk3pljieem4lemvojeqa4hpe5qgl8v.apps.googleusercontent.com",
          "client_type": 3
        }
      ],
      "api_key": [
        {
          "current_key": "AIzaSyC2DM5QkMQsBCakZiLGfd3qnfdUy-CEIOk"
        }
      ],
      "services": {
        "analytics_service": {
          "status": 1
        },
        "appinvite_service": {
          "status": 1,
          "other_platform_oauth_client": []
        },
        "ads_service": {
          "status": 2
        }
      }
    }
  ],
  "configuration_version": "1"
}